County_Name,Year,total_firms,textile_firms,textile_ratio
博野县,1962.0,1.0,0,0.0
博野县,1984.0,3.0,0,0.0
博野县,1987.0,3.0,0,0.0
博野县,1988.0,2.0,0,0.0
博野县,1989.0,5.0,0,0.0
博野县,1990.0,12.0,0,0.0
博野县,1991.0,6.0,0,0.0
博野县,1992.0,4.0,0,0.0
博野县,1993.0,7.0,1,0.14285714285714285
博野县,1994.0,11.0,0,0.0
博野县,1995.0,88.0,5,0.056818181818181816
博野县,1996.0,64.0,7,0.109375
博野县,1997.0,40.0,2,0.05
博野县,1998.0,41.0,3,0.07317073170731707
博野县,1999.0,44.0,1,0.022727272727272728
博野县,2000.0,184.0,10,0.05434782608695652
博野县,2001.0,140.0,5,0.03571428571428571
博野县,2002.0,218.0,13,0.05963302752293578
博野县,2003.0,549.0,20,0.03642987249544627
博野县,2004.0,677.0,67,0.09896602658788774
博野县,2005.0,361.0,17,0.04709141274238227
博野县,2006.0,569.0,31,0.054481546572934976
博野县,2007.0,818.0,26,0.03178484107579462
博野县,2008.0,937.0,21,0.022411953041622197
博野县,2009.0,858.0,27,0.03146853146853147
博野县,2010.0,764.0,28,0.03664921465968586
博野县,2011.0,633.0,34,0.053712480252764615
博野县,2012.0,742.0,19,0.025606469002695417
博野县,2013.0,657.0,17,0.0258751902587519
博野县,2014.0,1450.0,23,0.015862068965517243
博野县,2015.0,1565.0,30,0.019169329073482427
博野县,2016.0,2809.0,26,0.009255962976148096
博野县,2017.0,1877.0,36,0.019179541822056473
博野县,2018.0,2049.0,26,0.01268911664226452
博野县,2019.0,1805.0,11,0.006094182825484765
博野县,2020.0,1990.0,12,0.006030150753768844
博野县,2021.0,2414.0,12,0.004971002485501243
博野县,2022.0,2854.0,23,0.00805886475122635
博野县,2023.0,3014.0,34,0.0112806901128069
博野县,2024.0,10934.0,43,0.00393268703127858
唐县,1979.0,1.0,0,0.0
唐县,1981.0,2.0,0,0.0
唐县,1984.0,1.0,0,0.0
唐县,1986.0,1.0,0,0.0
唐县,1987.0,3.0,0,0.0
唐县,1989.0,27.0,0,0.0
唐县,1990.0,81.0,4,0.04938271604938271
唐县,1991.0,15.0,0,0.0
唐县,1992.0,14.0,0,0.0
唐县,1993.0,16.0,0,0.0
唐县,1994.0,30.0,1,0.03333333333333333
唐县,1995.0,24.0,1,0.041666666666666664
唐县,1996.0,39.0,1,0.02564102564102564
唐县,1997.0,17.0,0,0.0
唐县,1998.0,54.0,0,0.0
唐县,1999.0,61.0,3,0.04918032786885246
唐县,2000.0,2785.0,34,0.012208258527827648
唐县,2001.0,129.0,6,0.046511627906976744
唐县,2002.0,147.0,3,0.02040816326530612
唐县,2003.0,115.0,1,0.008695652173913044
唐县,2004.0,468.0,4,0.008547008547008548
唐县,2005.0,260.0,3,0.011538461538461539
唐县,2006.0,261.0,2,0.007662835249042145
唐县,2007.0,1168.0,10,0.008561643835616438
唐县,2008.0,2998.0,24,0.008005336891260841
唐县,2009.0,1709.0,17,0.00994733762434172
唐县,2010.0,1322.0,46,0.03479576399394856
唐县,2011.0,1251.0,67,0.053557154276578735
唐县,2012.0,1899.0,36,0.018957345971563982
唐县,2013.0,2084.0,54,0.025911708253358926
唐县,2014.0,2375.0,48,0.020210526315789474
唐县,2015.0,3137.0,81,0.025820847943895442
唐县,2016.0,10076.0,67,0.006649464073044859
唐县,2017.0,6982.0,84,0.012030936694356918
唐县,2018.0,4552.0,58,0.012741652021089631
唐县,2019.0,5535.0,35,0.006323396567299007
唐县,2020.0,5367.0,43,0.00801192472517235
唐县,2021.0,5462.0,40,0.007323324789454412
唐县,2022.0,5767.0,56,0.009710421362926998
唐县,2023.0,6958.0,40,0.005748778384593274
唐县,2024.0,6744.0,27,0.00400355871886121
安国市,1949.0,1.0,0,0.0
安国市,1953.0,1.0,0,0.0
安国市,1984.0,2.0,0,0.0
安国市,1986.0,1.0,0,0.0
安国市,1988.0,2.0,0,0.0
安国市,1989.0,37.0,1,0.02702702702702703
安国市,1990.0,51.0,1,0.0196078431372549
安国市,1991.0,21.0,0,0.0
安国市,1992.0,21.0,0,0.0
安国市,1993.0,60.0,0,0.0
安国市,1994.0,27.0,2,0.07407407407407407
安国市,1995.0,57.0,1,0.017543859649122806
安国市,1996.0,61.0,1,0.01639344262295082
安国市,1997.0,56.0,0,0.0
安国市,1998.0,61.0,2,0.03278688524590164
安国市,1999.0,53.0,0,0.0
安国市,2000.0,841.0,24,0.028537455410225922
安国市,2001.0,547.0,10,0.018281535648994516
安国市,2002.0,325.0,7,0.021538461538461538
安国市,2003.0,472.0,5,0.01059322033898305
安国市,2004.0,2545.0,27,0.010609037328094302
安国市,2005.0,506.0,9,0.017786561264822136
安国市,2006.0,1694.0,9,0.005312868949232586
安国市,2007.0,1031.0,6,0.005819592628516004
安国市,2008.0,1688.0,7,0.004146919431279621
安国市,2009.0,1187.0,4,0.003369839932603201
安国市,2010.0,866.0,6,0.006928406466512702
安国市,2011.0,859.0,2,0.002328288707799767
安国市,2012.0,1098.0,6,0.00546448087431694
安国市,2013.0,1109.0,3,0.002705139765554554
安国市,2014.0,1492.0,3,0.0020107238605898124
安国市,2015.0,2786.0,10,0.003589375448671931
安国市,2016.0,4705.0,9,0.0019128586609989374
安国市,2017.0,4627.0,12,0.002593473092716663
安国市,2018.0,3622.0,5,0.0013804527885146328
安国市,2019.0,4570.0,10,0.002188183807439825
安国市,2020.0,5989.0,20,0.0033394556687259976
安国市,2021.0,5922.0,10,0.0016886187098953055
安国市,2022.0,5526.0,10,0.0018096272167933405
安国市,2023.0,7846.0,23,0.0029314300280397654
安国市,2024.0,8059.0,19,0.002357612607023204
安新县,1980.0,9.0,0,0.0
安新县,1981.0,2.0,0,0.0
安新县,1982.0,3.0,0,0.0
安新县,1983.0,5.0,0,0.0
安新县,1984.0,8.0,0,0.0
安新县,1985.0,5.0,0,0.0
安新县,1986.0,21.0,0,0.0
安新县,1987.0,8.0,0,0.0
安新县,1988.0,5.0,0,0.0
安新县,1989.0,18.0,0,0.0
安新县,1990.0,50.0,0,0.0
安新县,1991.0,10.0,0,0.0
安新县,1992.0,32.0,1,0.03125
安新县,1993.0,22.0,0,0.0
安新县,1994.0,29.0,7,0.2413793103448276
安新县,1995.0,70.0,14,0.2
安新县,1996.0,121.0,16,0.1322314049586777
安新县,1997.0,65.0,4,0.06153846153846154
安新县,1998.0,94.0,5,0.05319148936170213
安新县,1999.0,67.0,5,0.07462686567164178
安新县,2000.0,801.0,35,0.04369538077403246
安新县,2001.0,521.0,36,0.0690978886756238
安新县,2002.0,285.0,17,0.05964912280701754
安新县,2003.0,262.0,16,0.061068702290076333
安新县,2004.0,2701.0,241,0.08922621251388374
安新县,2005.0,463.0,53,0.11447084233261338
安新县,2006.0,713.0,53,0.07433380084151472
安新县,2007.0,861.0,36,0.041811846689895474
安新县,2008.0,2009.0,59,0.02936784469885515
安新县,2009.0,1117.0,48,0.04297224709042077
安新县,2010.0,1688.0,64,0.037914691943127965
安新县,2011.0,1279.0,82,0.06411258795934324
安新县,2012.0,1412.0,88,0.06232294617563739
安新县,2013.0,1756.0,154,0.08769931662870159
安新县,2014.0,2694.0,245,0.09094283593170008
安新县,2015.0,3662.0,260,0.070999453850355
安新县,2016.0,5428.0,303,0.055821665438467206
安新县,2017.0,947.0,123,0.12988384371700107
安新县,2018.0,2995.0,11,0.003672787979966611
安新县,2019.0,4992.0,38,0.007612179487179487
安新县,2020.0,4200.0,158,0.03761904761904762
安新县,2021.0,4841.0,11,0.002272257797975625
安新县,2022.0,5128.0,0,0.0
安新县,2023.0,22972.0,9,0.0003917812989726624
安新县,2024.0,23808.0,1,4.2002688172043014e-05
定兴县,1980.0,1.0,0,0.0
定兴县,1989.0,1.0,0,0.0
定兴县,1990.0,1.0,0,0.0
定兴县,1991.0,1.0,0,0.0
定兴县,1992.0,1.0,0,0.0
定兴县,1993.0,6.0,1,0.16666666666666666
定兴县,1994.0,3.0,0,0.0
定兴县,1995.0,7.0,1,0.14285714285714285
定兴县,1996.0,13.0,2,0.15384615384615385
定兴县,1997.0,7.0,0,0.0
定兴县,1998.0,412.0,14,0.03398058252427184
定兴县,1999.0,119.0,3,0.025210084033613446
定兴县,2000.0,105.0,0,0.0
定兴县,2001.0,91.0,4,0.04395604395604396
定兴县,2002.0,87.0,0,0.0
定兴县,2003.0,77.0,1,0.012987012987012988
定兴县,2004.0,1763.0,36,0.02041973908111174
定兴县,2005.0,444.0,15,0.033783783783783786
定兴县,2006.0,386.0,18,0.046632124352331605
定兴县,2007.0,556.0,9,0.01618705035971223
定兴县,2008.0,1174.0,36,0.030664395229982964
定兴县,2009.0,1420.0,16,0.011267605633802818
定兴县,2010.0,1305.0,48,0.0367816091954023
定兴县,2011.0,1272.0,24,0.018867924528301886
定兴县,2012.0,1261.0,26,0.020618556701030927
定兴县,2013.0,1377.0,22,0.01597676107480029
定兴县,2014.0,1855.0,39,0.021024258760107817
定兴县,2015.0,2876.0,52,0.01808066759388039
定兴县,2016.0,9402.0,72,0.007657945118059987
定兴县,2017.0,5006.0,189,0.037754694366759885
定兴县,2018.0,5663.0,109,0.019247748543174997
定兴县,2019.0,5425.0,49,0.00903225806451613
定兴县,2020.0,5877.0,69,0.01174068402246044
定兴县,2021.0,6168.0,129,0.02091439688715953
定兴县,2022.0,5407.0,122,0.022563343813574995
定兴县,2023.0,6738.0,271,0.040219649747699614
定兴县,2024.0,6091.0,152,0.024954851420128057
定州市,1976.0,1.0,0,0.0
定州市,1978.0,1.0,0,0.0
定州市,1980.0,29.0,0,0.0
定州市,1981.0,16.0,0,0.0
定州市,1982.0,1.0,1,1.0
定州市,1983.0,5.0,0,0.0
定州市,1984.0,10.0,0,0.0
定州市,1985.0,12.0,0,0.0
定州市,1986.0,22.0,1,0.045454545454545456
定州市,1987.0,26.0,0,0.0
定州市,1988.0,10.0,0,0.0
定州市,1989.0,72.0,0,0.0
定州市,1990.0,31.0,1,0.03225806451612903
定州市,1991.0,39.0,0,0.0
定州市,1992.0,39.0,0,0.0
定州市,1993.0,43.0,0,0.0
定州市,1994.0,37.0,0,0.0
定州市,1995.0,50.0,1,0.02
定州市,1996.0,47.0,1,0.02127659574468085
定州市,1997.0,102.0,2,0.0196078431372549
定州市,1998.0,101.0,0,0.0
定州市,1999.0,151.0,1,0.006622516556291391
定州市,2000.0,3002.0,40,0.013324450366422385
定州市,2001.0,434.0,10,0.02304147465437788
定州市,2002.0,597.0,6,0.010050251256281407
定州市,2003.0,1154.0,13,0.011265164644714038
定州市,2004.0,2027.0,19,0.009373458312777503
定州市,2005.0,1522.0,24,0.01576872536136662
定州市,2006.0,1332.0,16,0.012012012012012012
定州市,2007.0,2587.0,32,0.012369540007730962
定州市,2008.0,2516.0,21,0.008346581875993641
定州市,2009.0,4155.0,21,0.005054151624548736
定州市,2010.0,2072.0,21,0.010135135135135136
定州市,2011.0,2080.0,20,0.009615384615384616
定州市,2012.0,3466.0,22,0.006347374495095211
定州市,2013.0,3246.0,43,0.013247073321010475
定州市,2014.0,12462.0,88,0.007061466859252127
定州市,2015.0,9877.0,40,0.004049812696162803
定州市,2016.0,10537.0,53,0.005029894656923223
定州市,2017.0,15043.0,98,0.006514657980456026
定州市,2018.0,11324.0,82,0.007241257506181561
定州市,2019.0,13786.0,94,0.006818511533439721
定州市,2020.0,15000.0,64,0.004266666666666667
定州市,2021.0,13503.0,75,0.00555432126194179
定州市,2022.0,13285.0,66,0.004968009032743696
定州市,2023.0,14871.0,84,0.005648577768811782
定州市,2024.0,15634.0,48,0.0030702315466291418
容城县,1951.0,1.0,0,0.0
容城县,1953.0,1.0,0,0.0
容城县,1958.0,1.0,0,0.0
容城县,1960.0,1.0,0,0.0
容城县,1970.0,2.0,0,0.0
容城县,1976.0,1.0,0,0.0
容城县,1984.0,4.0,0,0.0
容城县,1985.0,1.0,0,0.0
容城县,1986.0,1.0,0,0.0
容城县,1987.0,3.0,0,0.0
容城县,1989.0,3.0,1,0.3333333333333333
容城县,1990.0,21.0,3,0.14285714285714285
容城县,1991.0,2.0,0,0.0
容城县,1992.0,7.0,2,0.2857142857142857
容城县,1993.0,12.0,1,0.08333333333333333
容城县,1994.0,11.0,1,0.09090909090909091
容城县,1995.0,48.0,29,0.6041666666666666
容城县,1996.0,73.0,34,0.4657534246575342
容城县,1997.0,46.0,18,0.391304347826087
容城县,1998.0,96.0,23,0.23958333333333334
容城县,1999.0,62.0,21,0.3387096774193548
容城县,2000.0,1141.0,71,0.06222611744084137
容城县,2001.0,137.0,27,0.19708029197080293
容城县,2002.0,172.0,33,0.19186046511627908
容城县,2003.0,162.0,18,0.1111111111111111
容城县,2004.0,1803.0,174,0.09650582362728785
容城县,2005.0,285.0,52,0.1824561403508772
容城县,2006.0,284.0,45,0.15845070422535212
容城县,2007.0,932.0,62,0.06652360515021459
容城县,2008.0,761.0,80,0.10512483574244415
容城县,2009.0,1126.0,99,0.08792184724689166
容城县,2010.0,902.0,118,0.13082039911308205
容城县,2011.0,632.0,37,0.058544303797468354
容城县,2012.0,708.0,31,0.043785310734463276
容城县,2013.0,774.0,82,0.10594315245478036
容城县,2014.0,1410.0,144,0.10212765957446808
容城县,2015.0,1694.0,174,0.10271546635182999
容城县,2016.0,2665.0,173,0.06491557223264541
容城县,2017.0,797.0,76,0.09535759096612297
容城县,2018.0,2831.0,1,0.00035323207347227127
容城县,2019.0,3405.0,9,0.0026431718061674008
容城县,2020.0,2997.0,0,0.0
容城县,2021.0,4236.0,0,0.0
容城县,2022.0,5637.0,0,0.0
容城县,2023.0,7403.0,0,0.0
容城县,2024.0,7422.0,0,0.0
徐水区,1980.0,1.0,0,0.0
徐水区,1981.0,2.0,0,0.0
徐水区,1982.0,2.0,0,0.0
徐水区,1983.0,3.0,0,0.0
徐水区,1984.0,1.0,0,0.0
徐水区,1985.0,1.0,0,0.0
徐水区,1986.0,1.0,0,0.0
徐水区,1987.0,1.0,0,0.0
徐水区,1988.0,3.0,0,0.0
徐水区,1989.0,7.0,0,0.0
徐水区,1990.0,18.0,0,0.0
徐水区,1991.0,7.0,0,0.0
徐水区,1992.0,15.0,0,0.0
徐水区,1993.0,28.0,0,0.0
徐水区,1994.0,48.0,0,0.0
徐水区,1995.0,116.0,5,0.04310344827586207
徐水区,1996.0,109.0,4,0.03669724770642202
徐水区,1997.0,137.0,4,0.029197080291970802
徐水区,1998.0,89.0,0,0.0
徐水区,1999.0,88.0,3,0.03409090909090909
徐水区,2000.0,149.0,3,0.020134228187919462
徐水区,2001.0,220.0,6,0.02727272727272727
徐水区,2002.0,229.0,4,0.017467248908296942
徐水区,2003.0,287.0,2,0.006968641114982578
徐水区,2004.0,1614.0,16,0.009913258983890954
徐水区,2005.0,547.0,6,0.010968921389396709
徐水区,2006.0,503.0,3,0.005964214711729622
徐水区,2007.0,662.0,6,0.00906344410876133
徐水区,2008.0,1002.0,12,0.011976047904191617
徐水区,2009.0,1409.0,7,0.0049680624556423
徐水区,2010.0,1301.0,6,0.004611837048424289
徐水区,2011.0,1248.0,12,0.009615384615384616
徐水区,2012.0,1082.0,9,0.00831792975970425
徐水区,2013.0,1474.0,32,0.021709633649932156
徐水区,2014.0,1859.0,14,0.007530930607853685
徐水区,2015.0,3295.0,14,0.004248861911987861
徐水区,2016.0,9319.0,66,0.007082304968344243
徐水区,2017.0,12741.0,120,0.009418412997409937
徐水区,2018.0,22555.0,59,0.0026158279760585238
徐水区,2019.0,10018.0,28,0.0027949690556997404
徐水区,2020.0,7589.0,30,0.003953089998682303
徐水区,2021.0,7146.0,81,0.011335012594458438
徐水区,2022.0,7010.0,120,0.017118402282453638
徐水区,2023.0,9570.0,93,0.009717868338557993
徐水区,2024.0,8641.0,62,0.007175095475060757
易县,1952.0,1.0,0,0.0
易县,1956.0,1.0,0,0.0
易县,1986.0,1.0,0,0.0
易县,1988.0,3.0,0,0.0
易县,1989.0,62.0,1,0.016129032258064516
易县,1990.0,173.0,1,0.005780346820809248
易县,1991.0,9.0,1,0.1111111111111111
易县,1992.0,22.0,1,0.045454545454545456
易县,1993.0,30.0,0,0.0
易县,1994.0,30.0,0,0.0
易县,1995.0,47.0,0,0.0
易县,1996.0,55.0,0,0.0
易县,1997.0,39.0,0,0.0
易县,1998.0,88.0,0,0.0
易县,1999.0,90.0,0,0.0
易县,2000.0,1236.0,13,0.010517799352750809
易县,2001.0,5947.0,24,0.004035648225996301
易县,2002.0,1373.0,7,0.005098324836125273
易县,2003.0,1523.0,5,0.003282994090610637
易县,2004.0,1456.0,5,0.003434065934065934
易县,2005.0,1147.0,9,0.007846556233653008
易县,2006.0,1198.0,5,0.004173622704507512
易县,2007.0,1167.0,7,0.005998286203941731
易县,2008.0,1545.0,5,0.003236245954692557
易县,2009.0,1534.0,11,0.007170795306388526
易县,2010.0,1564.0,2,0.0012787723785166241
易县,2011.0,1686.0,5,0.0029655990510083037
易县,2012.0,1807.0,1,0.0005534034311012728
易县,2013.0,2156.0,14,0.006493506493506494
易县,2014.0,3178.0,8,0.0025173064820641915
易县,2015.0,4127.0,12,0.002907681124303368
易县,2016.0,5907.0,18,0.0030472320975114273
易县,2017.0,6421.0,34,0.005295125369880081
易县,2018.0,6881.0,35,0.00508646998982706
易县,2019.0,5940.0,18,0.0030303030303030303
易县,2020.0,5877.0,35,0.005955419431682831
易县,2021.0,5970.0,47,0.007872696817420435
易县,2022.0,5595.0,60,0.010723860589812333
易县,2023.0,6068.0,47,0.0077455504284772575
易县,2024.0,6560.0,40,0.006097560975609756
曲阳县,1982.0,1.0,0,0.0
曲阳县,1985.0,1.0,0,0.0
曲阳县,1988.0,1.0,0,0.0
曲阳县,1989.0,3.0,0,0.0
曲阳县,1990.0,86.0,1,0.011627906976744186
曲阳县,1991.0,28.0,0,0.0
曲阳县,1992.0,35.0,0,0.0
曲阳县,1993.0,50.0,0,0.0
曲阳县,1994.0,29.0,0,0.0
曲阳县,1995.0,30.0,1,0.03333333333333333
曲阳县,1996.0,36.0,0,0.0
曲阳县,1997.0,48.0,0,0.0
曲阳县,1998.0,88.0,0,0.0
曲阳县,1999.0,102.0,0,0.0
曲阳县,2000.0,1847.0,14,0.007579859231185706
曲阳县,2001.0,534.0,4,0.00749063670411985
曲阳县,2002.0,716.0,7,0.009776536312849162
曲阳县,2003.0,841.0,5,0.005945303210463734
曲阳县,2004.0,2479.0,9,0.003630496167809601
曲阳县,2005.0,895.0,5,0.00558659217877095
曲阳县,2006.0,874.0,3,0.003432494279176201
曲阳县,2007.0,1215.0,5,0.00411522633744856
曲阳县,2008.0,3835.0,15,0.003911342894393742
曲阳县,2009.0,2002.0,7,0.0034965034965034965
曲阳县,2010.0,1856.0,11,0.005926724137931034
曲阳县,2011.0,1486.0,5,0.0033647375504710633
曲阳县,2012.0,1782.0,2,0.001122334455667789
曲阳县,2013.0,2172.0,15,0.006906077348066298
曲阳县,2014.0,2747.0,16,0.005824535857298871
曲阳县,2015.0,3314.0,51,0.015389257694628847
曲阳县,2016.0,6218.0,94,0.015117401093599228
曲阳县,2017.0,6735.0,90,0.013363028953229399
曲阳县,2018.0,5169.0,106,0.020506867866124975
曲阳县,2019.0,7546.0,78,0.010336602173336868
曲阳县,2020.0,8081.0,93,0.011508476673679
曲阳县,2021.0,7132.0,62,0.008693213684800897
曲阳县,2022.0,6484.0,104,0.016039481801357187
曲阳县,2023.0,6484.0,39,0.0060148056755089455
曲阳县,2024.0,6353.0,35,0.005509208248071777
望都县,1956.0,1.0,0,0.0
望都县,1980.0,27.0,0,0.0
望都县,1981.0,12.0,0,0.0
望都县,1982.0,6.0,0,0.0
望都县,1983.0,6.0,0,0.0
望都县,1984.0,22.0,0,0.0
望都县,1985.0,3.0,0,0.0
望都县,1986.0,8.0,0,0.0
望都县,1987.0,36.0,1,0.027777777777777776
望都县,1988.0,13.0,0,0.0
望都县,1989.0,27.0,0,0.0
望都县,1990.0,72.0,0,0.0
望都县,1991.0,27.0,0,0.0
望都县,1992.0,48.0,1,0.020833333333333332
望都县,1993.0,42.0,3,0.07142857142857142
望都县,1994.0,75.0,2,0.02666666666666667
望都县,1995.0,64.0,1,0.015625
望都县,1996.0,111.0,2,0.018018018018018018
望都县,1997.0,92.0,0,0.0
望都县,1998.0,136.0,6,0.04411764705882353
望都县,1999.0,164.0,4,0.024390243902439025
望都县,2000.0,985.0,10,0.01015228426395939
望都县,2001.0,311.0,6,0.01929260450160772
望都县,2002.0,275.0,6,0.02181818181818182
望都县,2003.0,315.0,3,0.009523809523809525
望都县,2004.0,2177.0,26,0.011943040881947635
望都县,2005.0,537.0,7,0.01303538175046555
望都县,2006.0,580.0,6,0.010344827586206896
望都县,2007.0,695.0,2,0.0028776978417266188
望都县,2008.0,1203.0,14,0.011637572734829594
望都县,2009.0,1023.0,20,0.019550342130987292
望都县,2010.0,1087.0,27,0.02483900643974241
望都县,2011.0,930.0,28,0.030107526881720432
望都县,2012.0,969.0,16,0.016511867905056758
望都县,2013.0,1080.0,33,0.030555555555555555
望都县,2014.0,1422.0,25,0.017580872011251757
望都县,2015.0,1806.0,20,0.01107419712070875
望都县,2016.0,2260.0,48,0.021238938053097345
望都县,2017.0,2973.0,50,0.016818028927009756
望都县,2018.0,2545.0,32,0.012573673870333988
望都县,2019.0,2867.0,23,0.008022322985699337
望都县,2020.0,2770.0,26,0.009386281588447653
望都县,2021.0,2917.0,19,0.006513541309564621
望都县,2022.0,4038.0,57,0.01411589895988113
望都县,2023.0,4057.0,167,0.041163421247227015
望都县,2024.0,4107.0,68,0.016557097638178718
涞水县,1984.0,4.0,0,0.0
涞水县,1985.0,2.0,0,0.0
涞水县,1986.0,1.0,0,0.0
涞水县,1987.0,3.0,0,0.0
涞水县,1989.0,6.0,0,0.0
涞水县,1990.0,118.0,0,0.0
涞水县,1991.0,19.0,0,0.0
涞水县,1992.0,25.0,0,0.0
涞水县,1993.0,31.0,0,0.0
涞水县,1994.0,24.0,2,0.08333333333333333
涞水县,1995.0,23.0,0,0.0
涞水县,1996.0,47.0,1,0.02127659574468085
涞水县,1997.0,37.0,0,0.0
涞水县,1998.0,58.0,3,0.05172413793103448
涞水县,1999.0,54.0,1,0.018518518518518517
涞水县,2000.0,74.0,1,0.013513513513513514
涞水县,2001.0,74.0,1,0.013513513513513514
涞水县,2002.0,106.0,0,0.0
涞水县,2003.0,83.0,0,0.0
涞水县,2004.0,1697.0,16,0.009428403064230996
涞水县,2005.0,362.0,4,0.011049723756906077
涞水县,2006.0,254.0,0,0.0
涞水县,2007.0,325.0,1,0.003076923076923077
涞水县,2008.0,1350.0,12,0.008888888888888889
涞水县,2009.0,1078.0,8,0.0074211502782931356
涞水县,2010.0,1226.0,5,0.004078303425774877
涞水县,2011.0,854.0,3,0.00351288056206089
涞水县,2012.0,1170.0,2,0.0017094017094017094
涞水县,2013.0,1124.0,2,0.0017793594306049821
涞水县,2014.0,1611.0,6,0.0037243947858473
涞水县,2015.0,2643.0,9,0.00340522133938706
涞水县,2016.0,3425.0,8,0.0023357664233576644
涞水县,2017.0,3997.0,10,0.002501876407305479
涞水县,2018.0,3852.0,6,0.001557632398753894
涞水县,2019.0,4667.0,7,0.0014998928647953717
涞水县,2020.0,3781.0,6,0.0015868817773075905
涞水县,2021.0,4613.0,15,0.003251680034684587
涞水县,2022.0,4515.0,4,0.0008859357696566999
涞水县,2023.0,7167.0,14,0.0019533975163945863
涞水县,2024.0,7788.0,5,0.0006420133538777606
涞源县,1958.0,1.0,0,0.0
涞源县,1962.0,1.0,0,0.0
涞源县,1980.0,6.0,0,0.0
涞源县,1981.0,14.0,0,0.0
涞源县,1982.0,1.0,0,0.0
涞源县,1984.0,7.0,0,0.0
涞源县,1985.0,4.0,0,0.0
涞源县,1986.0,4.0,0,0.0
涞源县,1987.0,2.0,1,0.5
涞源县,1988.0,4.0,0,0.0
涞源县,1989.0,44.0,0,0.0
涞源县,1990.0,164.0,1,0.006097560975609756
涞源县,1991.0,13.0,0,0.0
涞源县,1992.0,36.0,0,0.0
涞源县,1993.0,58.0,1,0.017241379310344827
涞源县,1994.0,26.0,0,0.0
涞源县,1995.0,62.0,0,0.0
涞源县,1996.0,38.0,0,0.0
涞源县,1997.0,34.0,0,0.0
涞源县,1998.0,61.0,0,0.0
涞源县,1999.0,78.0,2,0.02564102564102564
涞源县,2000.0,1393.0,4,0.002871500358937545
涞源县,2001.0,426.0,0,0.0
涞源县,2002.0,461.0,6,0.013015184381778741
涞源县,2003.0,482.0,2,0.004149377593360996
涞源县,2004.0,2607.0,22,0.008438818565400843
涞源县,2005.0,998.0,3,0.003006012024048096
涞源县,2006.0,690.0,3,0.004347826086956522
涞源县,2007.0,815.0,1,0.001226993865030675
涞源县,2008.0,1742.0,2,0.001148105625717566
涞源县,2009.0,1571.0,17,0.010821133036282623
涞源县,2010.0,1533.0,13,0.008480104370515329
涞源县,2011.0,1197.0,8,0.006683375104427736
涞源县,2012.0,1489.0,9,0.006044325050369375
涞源县,2013.0,1555.0,6,0.0038585209003215433
涞源县,2014.0,1757.0,2,0.0011383039271485487
涞源县,2015.0,2097.0,24,0.011444921316165951
涞源县,2016.0,3112.0,19,0.006105398457583547
涞源县,2017.0,2626.0,21,0.007996953541507998
涞源县,2018.0,2241.0,23,0.010263275323516287
涞源县,2019.0,2482.0,8,0.0032232070910556
涞源县,2020.0,1976.0,2,0.0010121457489878543
涞源县,2021.0,2225.0,7,0.003146067415730337
涞源县,2022.0,2607.0,8,0.0030686612965093976
涞源县,2023.0,3154.0,11,0.0034876347495244133
涞源县,2024.0,2679.0,4,0.0014930944382232176
涿州市,1983.0,1.0,0,0.0
涿州市,1984.0,1.0,0,0.0
涿州市,1986.0,1.0,1,1.0
涿州市,1987.0,2.0,0,0.0
涿州市,1989.0,82.0,3,0.036585365853658534
涿州市,1990.0,234.0,2,0.008547008547008548
涿州市,1991.0,40.0,0,0.0
涿州市,1992.0,76.0,0,0.0
涿州市,1993.0,68.0,0,0.0
涿州市,1994.0,55.0,1,0.01818181818181818
涿州市,1995.0,67.0,0,0.0
涿州市,1996.0,67.0,0,0.0
涿州市,1997.0,76.0,0,0.0
涿州市,1998.0,111.0,2,0.018018018018018018
涿州市,1999.0,163.0,2,0.012269938650306749
涿州市,2000.0,182.0,5,0.027472527472527472
涿州市,2001.0,209.0,5,0.023923444976076555
涿州市,2002.0,292.0,3,0.010273972602739725
涿州市,2003.0,432.0,4,0.009259259259259259
涿州市,2004.0,2357.0,11,0.004666949512091642
涿州市,2005.0,768.0,8,0.010416666666666666
涿州市,2006.0,848.0,5,0.00589622641509434
涿州市,2007.0,1369.0,8,0.005843681519357195
涿州市,2008.0,2990.0,14,0.0046822742474916385
涿州市,2009.0,2454.0,10,0.004074979625101874
涿州市,2010.0,2240.0,12,0.005357142857142857
涿州市,2011.0,2563.0,5,0.0019508388607101053
涿州市,2012.0,3014.0,9,0.0029860650298606504
涿州市,2013.0,3274.0,12,0.0036652412950519244
涿州市,2014.0,4794.0,11,0.00229453483521068
涿州市,2015.0,6963.0,12,0.0017233950883239983
涿州市,2016.0,10445.0,22,0.0021062709430349448
涿州市,2017.0,11692.0,19,0.0016250427642832705
涿州市,2018.0,11931.0,7,0.000586706897996815
涿州市,2019.0,10727.0,12,0.0011186725086231007
涿州市,2020.0,10172.0,7,0.0006881635863153756
涿州市,2021.0,11290.0,11,0.0009743135518157661
涿州市,2022.0,11090.0,5,0.0004508566275924256
涿州市,2023.0,10756.0,9,0.00083674228337672
涿州市,2024.0,10633.0,6,0.0005642810119439481
清苑区,1980.0,2.0,0,0.0
清苑区,1984.0,1.0,0,0.0
清苑区,1986.0,1.0,0,0.0
清苑区,1987.0,1.0,0,0.0
清苑区,1988.0,3.0,0,0.0
清苑区,1989.0,89.0,1,0.011235955056179775
清苑区,1990.0,44.0,2,0.045454545454545456
清苑区,1991.0,19.0,0,0.0
清苑区,1992.0,38.0,0,0.0
清苑区,1993.0,20.0,1,0.05
清苑区,1994.0,37.0,1,0.02702702702702703
清苑区,1995.0,39.0,2,0.05128205128205128
清苑区,1996.0,65.0,2,0.03076923076923077
清苑区,1997.0,53.0,4,0.07547169811320754
清苑区,1998.0,48.0,3,0.0625
清苑区,1999.0,95.0,2,0.021052631578947368
清苑区,2000.0,1282.0,29,0.02262090483619345
清苑区,2001.0,306.0,11,0.03594771241830065
清苑区,2002.0,604.0,14,0.023178807947019868
清苑区,2003.0,368.0,8,0.021739130434782608
清苑区,2004.0,3114.0,62,0.01991008349389852
清苑区,2005.0,1047.0,18,0.017191977077363897
清苑区,2006.0,916.0,22,0.024017467248908297
清苑区,2007.0,1297.0,19,0.014649190439475714
清苑区,2008.0,1541.0,19,0.012329656067488644
清苑区,2009.0,1728.0,19,0.01099537037037037
清苑区,2010.0,1351.0,19,0.014063656550703183
清苑区,2011.0,1242.0,24,0.01932367149758454
清苑区,2012.0,1670.0,22,0.013173652694610778
清苑区,2013.0,1774.0,33,0.018602029312288614
清苑区,2014.0,2128.0,55,0.025845864661654134
清苑区,2015.0,3120.0,80,0.02564102564102564
清苑区,2016.0,8862.0,137,0.01545926427443015
清苑区,2017.0,7317.0,139,0.01899685663523302
清苑区,2018.0,5421.0,36,0.006640841173215274
清苑区,2019.0,5351.0,30,0.005606428704914969
清苑区,2020.0,6328.0,92,0.014538558786346398
清苑区,2021.0,6644.0,57,0.008579169175195665
清苑区,2022.0,6996.0,55,0.007861635220125786
清苑区,2023.0,9300.0,77,0.008279569892473118
清苑区,2024.0,7933.0,74,0.009328123030379427
满城区,1980.0,1.0,0,0.0
满城区,1984.0,7.0,0,0.0
满城区,1985.0,9.0,1,0.1111111111111111
满城区,1986.0,2.0,0,0.0
满城区,1987.0,12.0,0,0.0
满城区,1988.0,18.0,0,0.0
满城区,1989.0,31.0,1,0.03225806451612903
满城区,1990.0,106.0,4,0.03773584905660377
满城区,1991.0,51.0,0,0.0
满城区,1992.0,85.0,3,0.03529411764705882
满城区,1993.0,80.0,3,0.0375
满城区,1994.0,77.0,2,0.025974025974025976
满城区,1995.0,119.0,3,0.025210084033613446
满城区,1996.0,101.0,1,0.009900990099009901
满城区,1997.0,90.0,5,0.05555555555555555
满城区,1998.0,178.0,8,0.0449438202247191
满城区,1999.0,184.0,0,0.0
满城区,2000.0,1114.0,2,0.0017953321364452424
满城区,2001.0,393.0,4,0.010178117048346057
满城区,2002.0,533.0,1,0.001876172607879925
满城区,2003.0,344.0,6,0.01744186046511628
满城区,2004.0,2428.0,15,0.006177924217462933
满城区,2005.0,546.0,7,0.01282051282051282
满城区,2006.0,523.0,7,0.01338432122370937
满城区,2007.0,751.0,2,0.002663115845539281
满城区,2008.0,1201.0,4,0.0033305578684429643
满城区,2009.0,1231.0,8,0.006498781478472786
满城区,2010.0,964.0,5,0.005186721991701245
满城区,2011.0,973.0,4,0.0041109969167523125
满城区,2012.0,1299.0,1,0.0007698229407236335
满城区,2013.0,1477.0,5,0.003385240352064997
满城区,2014.0,1579.0,15,0.009499683343888538
满城区,2015.0,2768.0,16,0.005780346820809248
满城区,2016.0,3838.0,11,0.0028660760812923396
满城区,2017.0,3611.0,10,0.0027693159789531985
满城区,2018.0,3983.0,13,0.003263871453678132
满城区,2019.0,4319.0,10,0.0023153507756425097
满城区,2020.0,4385.0,9,0.0020524515393386543
满城区,2021.0,5073.0,12,0.002365464222353637
满城区,2022.0,5186.0,17,0.003278056305437717
满城区,2023.0,7350.0,22,0.002993197278911565
满城区,2024.0,7969.0,6,0.0007529175555276697
竞秀区,1979.0,3.0,0,0.0
竞秀区,1980.0,19.0,1,0.05263157894736842
竞秀区,1981.0,3.0,0,0.0
竞秀区,1982.0,2.0,0,0.0
竞秀区,1983.0,13.0,1,0.07692307692307693
竞秀区,1984.0,22.0,0,0.0
竞秀区,1985.0,12.0,0,0.0
竞秀区,1986.0,14.0,0,0.0
竞秀区,1987.0,6.0,0,0.0
竞秀区,1988.0,19.0,0,0.0
竞秀区,1989.0,37.0,0,0.0
竞秀区,1990.0,113.0,0,0.0
竞秀区,1991.0,58.0,2,0.034482758620689655
竞秀区,1992.0,102.0,3,0.029411764705882353
竞秀区,1993.0,129.0,2,0.015503875968992248
竞秀区,1994.0,96.0,4,0.041666666666666664
竞秀区,1995.0,114.0,0,0.0
竞秀区,1996.0,122.0,3,0.02459016393442623
竞秀区,1997.0,129.0,2,0.015503875968992248
竞秀区,1998.0,220.0,1,0.004545454545454545
竞秀区,1999.0,238.0,3,0.012605042016806723
竞秀区,2000.0,1636.0,26,0.01589242053789731
竞秀区,2001.0,496.0,10,0.020161290322580645
竞秀区,2002.0,839.0,12,0.014302741358760428
竞秀区,2003.0,791.0,5,0.006321112515802781
竞秀区,2004.0,2098.0,17,0.008102955195424213
竞秀区,2005.0,1542.0,10,0.00648508430609598
竞秀区,2006.0,1431.0,11,0.007686932215234102
竞秀区,2007.0,1521.0,9,0.005917159763313609
竞秀区,2008.0,1873.0,6,0.003203416978109984
竞秀区,2009.0,2059.0,16,0.007770762506070908
竞秀区,2010.0,2868.0,12,0.0041841004184100415
竞秀区,2011.0,2356.0,6,0.0025466893039049238
竞秀区,2012.0,2470.0,7,0.002834008097165992
竞秀区,2013.0,3361.0,9,0.002677774471883368
竞秀区,2014.0,3926.0,15,0.0038206826286296485
竞秀区,2015.0,5071.0,7,0.0013803983435219877
竞秀区,2016.0,8599.0,19,0.0022095592510757065
竞秀区,2017.0,8609.0,5,0.0005807875479149727
竞秀区,2018.0,10020.0,11,0.0010978043912175648
竞秀区,2019.0,9953.0,4,0.000401888877725309
竞秀区,2020.0,9594.0,6,0.0006253908692933083
竞秀区,2021.0,11473.0,4,0.0003486446439466574
竞秀区,2022.0,13134.0,3,0.00022841480127912289
竞秀区,2023.0,13750.0,8,0.0005818181818181818
竞秀区,2024.0,11959.0,4,0.00033447612676645205
莲池区,1954.0,1.0,0,0.0
莲池区,1957.0,1.0,0,0.0
莲池区,1977.0,1.0,0,0.0
莲池区,1979.0,3.0,0,0.0
莲池区,1980.0,6.0,1,0.16666666666666666
莲池区,1981.0,8.0,0,0.0
莲池区,1982.0,5.0,0,0.0
莲池区,1983.0,5.0,0,0.0
莲池区,1984.0,14.0,0,0.0
莲池区,1985.0,6.0,0,0.0
莲池区,1986.0,6.0,0,0.0
莲池区,1987.0,10.0,0,0.0
莲池区,1988.0,15.0,0,0.0
莲池区,1989.0,41.0,0,0.0
莲池区,1990.0,246.0,6,0.024390243902439025
莲池区,1991.0,81.0,2,0.024691358024691357
莲池区,1992.0,134.0,2,0.014925373134328358
莲池区,1993.0,154.0,1,0.006493506493506494
莲池区,1994.0,151.0,0,0.0
莲池区,1995.0,126.0,2,0.015873015873015872
莲池区,1996.0,202.0,1,0.0049504950495049506
莲池区,1997.0,216.0,4,0.018518518518518517
莲池区,1998.0,256.0,3,0.01171875
莲池区,1999.0,292.0,2,0.00684931506849315
莲池区,2000.0,1966.0,20,0.01017293997965412
莲池区,2001.0,985.0,16,0.016243654822335026
莲池区,2002.0,1404.0,14,0.009971509971509971
莲池区,2003.0,2094.0,13,0.0062082139446036294
莲池区,2004.0,3200.0,21,0.0065625
莲池区,2005.0,2157.0,11,0.005099675475197033
莲池区,2006.0,2228.0,13,0.0058348294434470375
莲池区,2007.0,2757.0,13,0.004715270221254987
莲池区,2008.0,2590.0,17,0.006563706563706564
莲池区,2009.0,3350.0,6,0.001791044776119403
莲池区,2010.0,3419.0,7,0.0020473822755191578
莲池区,2011.0,3525.0,4,0.0011347517730496454
莲池区,2012.0,4026.0,4,0.0009935419771485345
莲池区,2013.0,4423.0,9,0.0020348179968347276
莲池区,2014.0,5553.0,11,0.0019809112191608138
莲池区,2015.0,6729.0,12,0.0017833259028087382
莲池区,2016.0,9935.0,17,0.0017111222949169602
莲池区,2017.0,12134.0,21,0.0017306741387835833
莲池区,2018.0,13272.0,15,0.0011301989150090416
莲池区,2019.0,13567.0,10,0.0007370826269624825
莲池区,2020.0,15281.0,9,0.0005889666906616059
莲池区,2021.0,14803.0,7,0.0004728771195028035
莲池区,2022.0,16172.0,8,0.0004946821667078902
莲池区,2023.0,17791.0,16,0.0008993311224776572
莲池区,2024.0,19298.0,3,0.00015545652399212353
蠡县,1953.0,1.0,0,0.0
蠡县,1954.0,2.0,0,0.0
蠡县,1955.0,1.0,0,0.0
蠡县,1980.0,3.0,0,0.0
蠡县,1983.0,2.0,0,0.0
蠡县,1984.0,3.0,0,0.0
蠡县,1986.0,5.0,2,0.4
蠡县,1987.0,14.0,4,0.2857142857142857
蠡县,1988.0,7.0,4,0.5714285714285714
蠡县,1989.0,23.0,1,0.043478260869565216
蠡县,1990.0,111.0,8,0.07207207207207207
蠡县,1991.0,31.0,5,0.16129032258064516
蠡县,1992.0,23.0,8,0.34782608695652173
蠡县,1993.0,30.0,14,0.4666666666666667
蠡县,1994.0,31.0,17,0.5483870967741935
蠡县,1995.0,63.0,26,0.4126984126984127
蠡县,1996.0,90.0,34,0.37777777777777777
蠡县,1997.0,55.0,18,0.32727272727272727
蠡县,1998.0,56.0,13,0.23214285714285715
蠡县,1999.0,71.0,13,0.18309859154929578
蠡县,2000.0,2104.0,243,0.11549429657794677
蠡县,2001.0,441.0,107,0.24263038548752835
蠡县,2002.0,473.0,47,0.09936575052854123
蠡县,2003.0,584.0,96,0.1643835616438356
蠡县,2004.0,2033.0,549,0.27004426955238564
蠡县,2005.0,811.0,105,0.12946979038224415
蠡县,2006.0,612.0,71,0.11601307189542484
蠡县,2007.0,593.0,79,0.13322091062394603
蠡县,2008.0,1414.0,102,0.07213578500707214
蠡县,2009.0,1025.0,111,0.10829268292682927
蠡县,2010.0,1407.0,122,0.0867093105899076
蠡县,2011.0,1357.0,106,0.07811348563006633
蠡县,2012.0,1904.0,113,0.05934873949579832
蠡县,2013.0,1916.0,389,0.20302713987473903
蠡县,2014.0,3298.0,335,0.1015767131594906
蠡县,2015.0,3984.0,284,0.071285140562249
蠡县,2016.0,6364.0,365,0.05735386549340038
蠡县,2017.0,3216.0,348,0.10820895522388059
蠡县,2018.0,3513.0,301,0.08568175348704811
蠡县,2019.0,4042.0,295,0.07298367144977734
蠡县,2020.0,5094.0,310,0.060855908912446015
蠡县,2021.0,5846.0,379,0.06483065343824837
蠡县,2022.0,7182.0,501,0.06975772765246449
蠡县,2023.0,9548.0,783,0.08200670297444491
蠡县,2024.0,9230.0,686,0.0743228602383532
阜平县,1980.0,15.0,1,0.06666666666666667
阜平县,1981.0,2.0,0,0.0
阜平县,1982.0,1.0,0,0.0
阜平县,1984.0,19.0,0,0.0
阜平县,1985.0,4.0,0,0.0
阜平县,1986.0,5.0,0,0.0
阜平县,1987.0,14.0,0,0.0
阜平县,1988.0,7.0,0,0.0
阜平县,1989.0,1.0,0,0.0
阜平县,1990.0,25.0,0,0.0
阜平县,1991.0,5.0,0,0.0
阜平县,1992.0,8.0,0,0.0
阜平县,1993.0,15.0,0,0.0
阜平县,1994.0,13.0,0,0.0
阜平县,1995.0,33.0,1,0.030303030303030304
阜平县,1996.0,19.0,0,0.0
阜平县,1997.0,27.0,0,0.0
阜平县,1998.0,146.0,2,0.0136986301369863
阜平县,1999.0,43.0,1,0.023255813953488372
阜平县,2000.0,73.0,2,0.0273972602739726
阜平县,2001.0,49.0,1,0.02040816326530612
阜平县,2002.0,56.0,0,0.0
阜平县,2003.0,190.0,0,0.0
阜平县,2004.0,506.0,2,0.003952569169960474
阜平县,2005.0,233.0,1,0.004291845493562232
阜平县,2006.0,285.0,0,0.0
阜平县,2007.0,665.0,4,0.006015037593984963
阜平县,2008.0,894.0,2,0.0022371364653243847
阜平县,2009.0,675.0,1,0.0014814814814814814
阜平县,2010.0,702.0,6,0.008547008547008548
阜平县,2011.0,577.0,4,0.006932409012131715
阜平县,2012.0,1401.0,1,0.0007137758743754461
阜平县,2013.0,1451.0,0,0.0
阜平县,2014.0,1173.0,21,0.017902813299232736
阜平县,2015.0,2075.0,17,0.00819277108433735
阜平县,2016.0,3040.0,47,0.015460526315789473
阜平县,2017.0,2304.0,43,0.018663194444444444
阜平县,2018.0,2338.0,18,0.007698887938408896
阜平县,2019.0,2611.0,23,0.008808885484488702
阜平县,2020.0,2122.0,14,0.006597549481621112
阜平县,2021.0,2009.0,18,0.008959681433549029
阜平县,2022.0,2471.0,15,0.006070416835289356
阜平县,2023.0,2762.0,8,0.002896451846488052
阜平县,2024.0,1867.0,3,0.0016068559185859668
雄县,1980.0,1.0,0,0.0
雄县,1984.0,1.0,0,0.0
雄县,1986.0,2.0,0,0.0
雄县,1990.0,5.0,0,0.0
雄县,1992.0,2.0,0,0.0
雄县,1993.0,2.0,0,0.0
雄县,1994.0,12.0,0,0.0
雄县,1995.0,14.0,2,0.14285714285714285
雄县,1996.0,11.0,0,0.0
雄县,1997.0,9.0,0,0.0
雄县,1998.0,290.0,2,0.006896551724137931
雄县,1999.0,127.0,1,0.007874015748031496
雄县,2000.0,219.0,6,0.0273972602739726
雄县,2001.0,446.0,5,0.011210762331838564
雄县,2002.0,737.0,9,0.012211668928086838
雄县,2003.0,390.0,11,0.028205128205128206
雄县,2004.0,2897.0,126,0.04349326889886089
雄县,2005.0,721.0,18,0.024965325936199722
雄县,2006.0,919.0,27,0.029379760609358
雄县,2007.0,781.0,15,0.019206145966709345
雄县,2008.0,1321.0,36,0.02725208175624527
雄县,2009.0,1180.0,46,0.03898305084745763
雄县,2010.0,1368.0,32,0.023391812865497075
雄县,2011.0,956.0,14,0.014644351464435146
雄县,2012.0,1201.0,28,0.02331390507910075
雄县,2013.0,2075.0,37,0.01783132530120482
雄县,2014.0,2015.0,56,0.027791563275434243
雄县,2015.0,3695.0,84,0.02273342354533153
雄县,2016.0,4426.0,59,0.01333032083145052
雄县,2017.0,937.0,20,0.021344717182497332
雄县,2018.0,2931.0,0,0.0
雄县,2019.0,4953.0,141,0.028467595396729255
雄县,2020.0,4163.0,5,0.0012010569300984868
雄县,2021.0,4958.0,0,0.0
雄县,2022.0,5905.0,0,0.0
雄县,2023.0,4267.0,0,0.0
雄县,2024.0,2080.0,0,0.0
顺平县,1950.0,1.0,0,0.0
顺平县,1956.0,1.0,0,0.0
顺平县,1962.0,1.0,0,0.0
顺平县,1965.0,1.0,0,0.0
顺平县,1971.0,1.0,0,0.0
顺平县,1978.0,1.0,0,0.0
顺平县,1981.0,4.0,0,0.0
顺平县,1983.0,1.0,0,0.0
顺平县,1984.0,2.0,0,0.0
顺平县,1986.0,2.0,0,0.0
顺平县,1987.0,3.0,0,0.0
顺平县,1988.0,2.0,0,0.0
顺平县,1989.0,2.0,0,0.0
顺平县,1990.0,9.0,0,0.0
顺平县,1991.0,3.0,1,0.3333333333333333
顺平县,1992.0,2.0,1,0.5
顺平县,1993.0,55.0,1,0.01818181818181818
顺平县,1994.0,10.0,0,0.0
顺平县,1995.0,18.0,1,0.05555555555555555
顺平县,1996.0,24.0,2,0.08333333333333333
顺平县,1997.0,37.0,1,0.02702702702702703
顺平县,1998.0,52.0,0,0.0
顺平县,1999.0,111.0,2,0.018018018018018018
顺平县,2000.0,827.0,14,0.016928657799274487
顺平县,2001.0,206.0,1,0.0048543689320388345
顺平县,2002.0,296.0,3,0.010135135135135136
顺平县,2003.0,331.0,5,0.015105740181268883
顺平县,2004.0,1699.0,3,0.0017657445556209534
顺平县,2005.0,472.0,4,0.00847457627118644
顺平县,2006.0,449.0,5,0.011135857461024499
顺平县,2007.0,601.0,2,0.0033277870216306157
顺平县,2008.0,993.0,11,0.011077542799597181
顺平县,2009.0,1506.0,4,0.0026560424966799467
顺平县,2010.0,900.0,6,0.006666666666666667
顺平县,2011.0,842.0,7,0.00831353919239905
顺平县,2012.0,856.0,5,0.005841121495327103
顺平县,2013.0,1320.0,11,0.008333333333333333
顺平县,2014.0,1708.0,15,0.008782201405152224
顺平县,2015.0,1924.0,54,0.028066528066528068
顺平县,2016.0,2663.0,32,0.012016522718738265
顺平县,2017.0,1932.0,31,0.016045548654244308
顺平县,2018.0,2285.0,17,0.007439824945295405
顺平县,2019.0,2498.0,13,0.005204163330664532
顺平县,2020.0,2748.0,19,0.006914119359534207
顺平县,2021.0,2922.0,11,0.0037645448323066393
顺平县,2022.0,3113.0,7,0.0022486347574686796
顺平县,2023.0,3840.0,6,0.0015625
顺平县,2024.0,3657.0,3,0.0008203445447087777
高碑店市,1962.0,1.0,0,0.0
高碑店市,1980.0,3.0,0,0.0
高碑店市,1981.0,8.0,0,0.0
高碑店市,1982.0,2.0,0,0.0
高碑店市,1983.0,2.0,0,0.0
高碑店市,1984.0,8.0,0,0.0
高碑店市,1985.0,3.0,0,0.0
高碑店市,1986.0,4.0,0,0.0
高碑店市,1987.0,11.0,0,0.0
高碑店市,1988.0,10.0,0,0.0
高碑店市,1989.0,160.0,1,0.00625
高碑店市,1990.0,416.0,3,0.007211538461538462
高碑店市,1991.0,90.0,0,0.0
高碑店市,1992.0,190.0,3,0.015789473684210527
高碑店市,1993.0,297.0,3,0.010101010101010102
高碑店市,1994.0,267.0,2,0.00749063670411985
高碑店市,1995.0,229.0,4,0.017467248908296942
高碑店市,1996.0,225.0,2,0.008888888888888889
高碑店市,1997.0,165.0,1,0.006060606060606061
高碑店市,1998.0,195.0,2,0.010256410256410256
高碑店市,1999.0,168.0,1,0.005952380952380952
高碑店市,2000.0,3376.0,42,0.012440758293838863
高碑店市,2001.0,4797.0,17,0.0035438815926620805
高碑店市,2002.0,3099.0,104,0.03355921264924169
高碑店市,2003.0,1934.0,45,0.02326783867631851
高碑店市,2004.0,2326.0,18,0.007738607050730868
高碑店市,2005.0,2123.0,27,0.012717852096090438
高碑店市,2006.0,1397.0,17,0.012168933428775949
高碑店市,2007.0,2373.0,26,0.010956595027391488
高碑店市,2008.0,5957.0,77,0.012925969447708578
高碑店市,2009.0,1968.0,21,0.010670731707317074
高碑店市,2010.0,2432.0,18,0.007401315789473684
高碑店市,2011.0,1890.0,7,0.003703703703703704
高碑店市,2012.0,2016.0,19,0.009424603174603174
高碑店市,2013.0,2757.0,47,0.017047515415306493
高碑店市,2014.0,3722.0,71,0.01907576571735626
高碑店市,2015.0,4713.0,130,0.027583280288563546
高碑店市,2016.0,6669.0,169,0.025341130604288498
高碑店市,2017.0,7040.0,71,0.010085227272727273
高碑店市,2018.0,7477.0,36,0.004814765280192591
高碑店市,2019.0,7863.0,40,0.005087116876510238
高碑店市,2020.0,8624.0,46,0.005333951762523191
高碑店市,2021.0,10447.0,58,0.005551833062123097
高碑店市,2022.0,8343.0,53,0.006352630948100204
高碑店市,2023.0,11072.0,241,0.021766618497109827
高碑店市,2024.0,10295.0,113,0.010976202039825158
高阳县,1979.0,1.0,0,0.0
高阳县,1980.0,3.0,1,0.3333333333333333
高阳县,1981.0,2.0,0,0.0
高阳县,1982.0,1.0,0,0.0
高阳县,1984.0,6.0,0,0.0
高阳县,1985.0,2.0,0,0.0
高阳县,1986.0,2.0,0,0.0
高阳县,1988.0,1.0,0,0.0
高阳县,1989.0,31.0,1,0.03225806451612903
高阳县,1990.0,36.0,3,0.08333333333333333
高阳县,1991.0,14.0,0,0.0
高阳县,1992.0,22.0,1,0.045454545454545456
高阳县,1993.0,16.0,4,0.25
高阳县,1994.0,25.0,11,0.44
高阳县,1995.0,21.0,13,0.6190476190476191
高阳县,1996.0,78.0,42,0.5384615384615384
高阳县,1997.0,34.0,6,0.17647058823529413
高阳县,1998.0,35.0,12,0.34285714285714286
高阳县,1999.0,54.0,18,0.3333333333333333
高阳县,2000.0,126.0,35,0.2777777777777778
高阳县,2001.0,108.0,34,0.3148148148148148
高阳县,2002.0,145.0,57,0.3931034482758621
高阳县,2003.0,159.0,59,0.3710691823899371
高阳县,2004.0,2049.0,445,0.21717911176183505
高阳县,2005.0,449.0,115,0.2561247216035635
高阳县,2006.0,430.0,106,0.24651162790697675
高阳县,2007.0,573.0,76,0.13263525305410123
高阳县,2008.0,1691.0,157,0.09284447072738025
高阳县,2009.0,1404.0,111,0.07905982905982906
高阳县,2010.0,1553.0,86,0.05537669027688345
高阳县,2011.0,1117.0,76,0.06803939122649955
高阳县,2012.0,1144.0,124,0.10839160839160839
高阳县,2013.0,1955.0,325,0.16624040920716113
高阳县,2014.0,1945.0,325,0.16709511568123395
高阳县,2015.0,3196.0,421,0.13172715894868586
高阳县,2016.0,4751.0,716,0.15070511471269207
高阳县,2017.0,5141.0,620,0.12059910523244505
高阳县,2018.0,4921.0,450,0.09144482828693355
高阳县,2019.0,5239.0,534,0.10192784882611185
高阳县,2020.0,5164.0,503,0.09740511231603408
高阳县,2021.0,5705.0,460,0.08063102541630149
高阳县,2022.0,6102.0,443,0.07259914782038676
高阳县,2023.0,7807.0,777,0.0995260663507109
高阳县,2024.0,7076.0,642,0.09072922555115885
